DATEPRD,NPD_WELL_BORE_NAME,BORE_OIL_VOL,BORE_GAS_VOL,BORE_WAT_VOL,AVG_DOWNHOLE_PRESSURE,AVG_DOWNHOLE_TEMPERATURE,AVG_WHP_P,ON_STREAM_HRS,anomaly_status
2016-09-17,15/9-F-15 D,0.0,0.0,0.0,345.90677,90.03433,0.0,0.0,Anomaly
2016-09-16,15/9-F-15 D,0.0,0.0,0.0,345.90677,90.03433,0.0,0.0,Anomaly
2016-09-15,15/9-F-15 D,0.0,0.0,0.0,345.90677,90.03433,0.0,0.0,Anomaly
2016-09-14,15/9-F-15 D,0.0,0.0,0.0,345.90677,90.03433,0.0,0.0,Anomaly
2016-09-13,15/9-F-15 D,0.0,0.0,0.0,345.90677,90.03433,0.0,0.0,Anomaly
2016-09-12,15/9-F-15 D,0.0,0.0,0.0,345.90677,90.03433,0.0,0.0,Anomaly
2016-09-11,15/9-F-15 D,0.0,0.0,0.0,345.90677,90.03433,0.0,0.0,Anomaly
2016-09-10,15/9-F-15 D,0.0,0.0,0.0,345.90677,90.03433,0.0,0.0,Anomaly
2016-09-09,15/9-F-15 D,0.0,0.0,0.0,345.90677,90.03433,0.0,0.0,Anomaly
2016-09-08,15/9-F-15 D,0.0,0.0,0.0,345.90677,90.03433,0.0,0.0,Anomaly
2016-09-07,15/9-F-15 D,0.0,0.0,0.0,345.90677,90.03433,0.0,0.0,Anomaly
2016-09-06,15/9-F-15 D,0.0,0.0,0.0,345.90677,90.03433,0.0,0.0,Anomaly
2016-09-05,15/9-F-15 D,0.0,0.0,0.0,345.90677,90.03433,0.0,0.0,Anomaly
2016-09-04,15/9-F-15 D,0.0,0.0,0.0,345.90677,90.03433,0.0,0.0,Anomaly
2016-09-03,15/9-F-15 D,0.0,0.0,0.0,345.90677,90.03433,0.0,0.0,Anomaly
2016-09-02,15/9-F-15 D,0.0,0.0,0.0,345.90677,90.03433,0.0,0.0,Anomaly
2016-09-01,15/9-F-15 D,0.0,0.0,0.0,345.90677,90.03433,0.0,0.0,Anomaly
2016-08-31,15/9-F-15 D,0.0,0.0,0.0,345.90677,90.03433,0.0,0.0,Anomaly
2016-08-30,15/9-F-15 D,0.0,0.0,0.0,345.90677,90.03433,0.0,0.0,Anomaly
2016-08-29,15/9-F-15 D,0.0,0.0,0.0,345.90677,90.03433,0.0,0.0,Anomaly
2016-08-28,15/9-F-15 D,0.0,0.0,0.0,345.90677,90.03433,0.0,0.0,Anomaly
2016-08-27,15/9-F-15 D,0.0,0.0,0.0,345.90677,90.03433,0.0,0.0,Anomaly
2016-08-26,15/9-F-15 D,0.0,0.0,0.0,345.90677,90.03433,0.0,0.0,Anomaly
2016-08-25,15/9-F-15 D,0.0,0.0,0.0,345.90677,90.03433,0.0,0.0,Anomaly
2016-08-24,15/9-F-15 D,0.0,0.0,0.0,345.90677,90.03433,0.0,0.0,Anomaly
2016-08-23,15/9-F-15 D,0.0,0.0,0.0,345.90677,90.03433,0.0,0.0,Anomaly
2016-08-22,15/9-F-15 D,0.0,0.0,0.0,345.90677,90.03433,0.0,0.0,Anomaly
2016-08-21,15/9-F-15 D,0.0,0.0,0.0,345.90677,90.03433,0.0,0.0,Anomaly
2016-08-20,15/9-F-15 D,0.0,0.0,0.0,345.90677,90.03433,0.0,0.0,Anomaly
2016-08-19,15/9-F-15 D,0.0,0.0,0.0,345.90677,90.03433,0.0,0.0,Anomaly
2016-08-18,15/9-F-15 D,0.0,0.0,0.0,345.90677,90.03433,0.0,0.0,Anomaly
2016-08-17,15/9-F-15 D,0.0,0.0,0.0,345.90677,90.03433,0.0,0.0,Anomaly
2016-08-16,15/9-F-15 D,0.0,0.0,0.0,345.90677,90.03433,0.0,0.0,Anomaly
2016-08-15,15/9-F-15 D,0.0,0.0,0.0,345.90677,90.03433,0.0,0.0,Anomaly
2016-08-14,15/9-F-15 D,0.0,0.0,0.0,345.90677,90.03433,0.0,0.0,Anomaly
2016-08-13,15/9-F-15 D,0.0,0.0,0.0,345.90677,90.03433,0.0,0.0,Anomaly
2016-08-12,15/9-F-15 D,0.0,0.0,0.0,345.90677,90.03433,0.0,0.0,Anomaly
2016-08-11,15/9-F-15 D,0.0,0.0,0.0,345.90677,90.03433,0.0,0.0,Anomaly
2016-08-10,15/9-F-15 D,0.0,0.0,0.0,345.90677,90.03433,0.0,0.0,Anomaly
2016-08-09,15/9-F-15 D,0.0,0.0,0.0,345.90677,90.03433,0.0,0.0,Anomaly
2016-08-08,15/9-F-15 D,0.0,0.0,0.0,345.90677,90.03433,0.0,0.0,Anomaly
2016-08-07,15/9-F-15 D,0.0,0.0,0.0,345.90677,90.03433,0.0,0.0,Anomaly
2016-08-06,15/9-F-15 D,0.0,0.0,0.0,345.90677,90.03433,0.0,0.0,Anomaly
2016-08-05,15/9-F-15 D,0.0,0.0,0.0,345.90677,90.03433,0.0,0.0,Anomaly
2016-08-04,15/9-F-15 D,0.0,0.0,0.0,345.90677,90.03433,0.0,0.0,Anomaly
2016-08-03,15/9-F-15 D,0.0,0.0,0.0,345.90677,90.03433,0.0,0.0,Anomaly
2016-08-02,15/9-F-15 D,0.0,0.0,0.0,345.90677,90.03433,0.0,0.0,Anomaly
2016-08-01,15/9-F-15 D,0.0,0.0,0.0,345.60328,89.95534,0.0,0.0,Anomaly
2016-07-31,15/9-F-15 D,0.0,0.0,0.0,345.90677,90.03433,0.0,0.0,Anomaly
2016-07-30,15/9-F-15 D,0.0,0.0,0.0,345.90677,90.03433,0.0,0.0,Anomaly
2016-07-29,15/9-F-15 D,0.0,0.0,0.0,345.90677,90.03433,0.0,0.0,Anomaly
2016-07-28,15/9-F-15 D,0.0,0.0,0.0,345.90677,90.03433,0.0,0.0,Anomaly
2016-07-27,15/9-F-15 D,0.0,0.0,0.0,345.90677,90.03433,0.0,0.0,Anomaly
2016-07-26,15/9-F-15 D,0.0,0.0,0.0,345.90677,90.03433,0.0,0.0,Anomaly
2016-07-25,15/9-F-15 D,0.0,0.0,0.0,345.90677,90.03433,0.0,0.0,Anomaly
2016-07-24,15/9-F-15 D,0.0,0.0,0.0,345.90677,90.03433,0.0,0.0,Anomaly
2016-07-23,15/9-F-15 D,0.0,0.0,0.0,345.90677,90.03433,0.0,0.0,Anomaly
2016-07-22,15/9-F-15 D,0.0,0.0,0.0,345.90677,90.03433,0.0,0.0,Anomaly
2016-07-21,15/9-F-15 D,0.0,0.0,0.0,345.90677,90.03433,0.0,0.0,Anomaly
2016-07-20,15/9-F-15 D,0.0,0.0,0.0,345.90677,90.03433,0.0,0.0,Anomaly
2016-07-19,15/9-F-15 D,0.0,0.0,0.0,345.90677,90.03433,0.0,0.0,Anomaly
2016-07-18,15/9-F-15 D,0.0,0.0,0.0,345.90677,90.03433,0.0,0.0,Anomaly
2016-07-17,15/9-F-15 D,0.0,0.0,0.0,345.90677,90.03433,0.0,0.0,Anomaly
2016-07-16,15/9-F-15 D,0.0,0.0,0.0,345.90677,90.03433,0.0,0.0,Anomaly
2016-07-15,15/9-F-15 D,0.0,0.0,0.0,345.90677,90.03433,0.0,0.0,Anomaly
2016-07-15,15/9-F-12,38.42,6150.89,271.54,0.0,0.0,40.060474455537346,14.44167,Anomaly
2016-07-14,15/9-F-12,47.82,7652.04,286.76,0.0,0.0,30.032466692307693,6.5,Anomaly
2016-07-14,15/9-F-15 D,0.0,0.0,0.0,345.90677,90.03433,0.0,0.0,Anomaly
2016-07-13,15/9-F-15 D,0.0,0.0,0.0,345.90677,90.03433,0.0,0.0,Anomaly
2016-07-12,15/9-F-15 D,0.0,0.0,0.0,341.72773,89.61392,0.0,0.0,Anomaly
2016-07-10,15/9-F-15 D,0.0,0.0,0.0,397.58855,45.77132,110.67868,0.0,Anomaly
2015-03-25,15/9-F-12,44.33,6696.26,45.81,0.0,0.0,51.36866780995309,9.0,Anomaly
2015-03-24,15/9-F-12,0.0,0.0,0.0,0.0,0.0,110.38955,0.0,Anomaly
2015-03-23,15/9-F-12,0.0,0.0,0.0,0.0,0.0,108.25362,0.0,Anomaly
2015-03-22,15/9-F-12,91.33,13844.81,92.74,0.0,0.0,51.96975353846154,8.125,Anomaly
2015-02-09,15/9-F-12,381.15,62260.6,184.76,0.0,0.0,55.87030114822547,11.975,Anomaly
2015-02-05,15/9-F-12,89.29,14766.24,36.34,0.0,0.0,31.979224719101122,2.225,Anomaly
2015-01-20,15/9-F-12,767.76,112293.95,472.87,0.0,0.0,69.47466237219363,22.0,Anomaly
2015-01-10,15/9-F-12,786.25,114011.46,245.21,0.0,0.0,75.2657666564332,20.41667,Anomaly
2015-01-09,15/9-F-12,532.53,77253.85,179.11,0.0,0.0,79.24337055676833,15.66666,Anomaly
2015-01-08,15/9-F-12,829.95,120372.4,234.26,0.0,0.0,79.31541541666667,24.0,Anomaly
2015-01-07,15/9-F-12,859.23,125729.03,238.0,0.0,0.0,80.82797229166667,24.0,Anomaly
2015-01-06,15/9-F-12,834.13,121244.68,239.98,0.0,0.0,81.48334125,24.0,Anomaly
2015-01-05,15/9-F-12,838.83,122544.67,235.74,0.0,0.0,83.32003833333333,24.0,Anomaly
2015-01-04,15/9-F-12,855.13,125297.08,237.93,0.0,0.0,83.78046895833333,24.0,Anomaly
2015-01-03,15/9-F-12,871.14,141238.56,237.97,0.0,0.0,85.894923125,24.0,Anomaly
2015-01-02,15/9-F-12,782.75,117687.8,226.18,0.0,0.0,90.64738375,24.0,Anomaly
2015-01-01,15/9-F-12,14.94,2666.65,251.95,0.0,0.0,109.86780939218461,9.5,Anomaly
2014-12-31,15/9-F-12,0.0,0.0,0.0,0.0,0.0,124.49217,0.0,Anomaly
2014-12-30,15/9-F-12,0.0,0.0,0.0,0.0,0.0,124.68733,0.0,Anomaly
2014-12-29,15/9-F-12,0.0,0.0,0.0,0.0,0.0,135.67446,0.0,Anomaly
2014-12-28,15/9-F-12,0.0,0.0,0.0,0.0,0.0,137.31103,0.0,Anomaly
2014-12-27,15/9-F-12,0.0,0.0,0.0,0.0,0.0,137.15302,0.0,Anomaly
2014-12-26,15/9-F-12,0.0,0.0,0.0,0.0,0.0,136.97588,0.0,Anomaly
2014-12-25,15/9-F-12,0.0,0.0,0.0,0.0,0.0,136.78971,0.0,Anomaly
2014-12-24,15/9-F-12,0.0,0.0,0.0,0.0,0.0,136.66966,0.0,Anomaly
2014-12-23,15/9-F-12,0.0,0.0,0.0,0.0,0.0,136.52365,0.0,Anomaly
2014-12-22,15/9-F-12,0.0,0.0,0.0,0.0,0.0,136.37855,0.0,Anomaly
2014-12-21,15/9-F-12,0.0,0.0,0.0,0.0,0.0,136.26604,0.0,Anomaly
2014-12-20,15/9-F-12,0.0,0.0,0.0,0.0,0.0,136.14172,0.0,Anomaly
2014-12-19,15/9-F-12,0.0,0.0,0.0,0.0,0.0,136.15619,0.0,Anomaly
2014-12-18,15/9-F-12,0.0,0.0,0.0,0.0,0.0,136.12879,0.0,Anomaly
2014-12-17,15/9-F-12,0.0,0.0,0.0,0.0,0.0,136.03362,0.0,Anomaly
2014-12-16,15/9-F-12,0.0,0.0,0.0,0.0,0.0,135.98624,0.0,Anomaly
2014-12-15,15/9-F-12,0.0,0.0,0.0,0.0,0.0,136.05501,0.0,Anomaly
2014-12-14,15/9-F-12,0.0,0.0,0.0,0.0,0.0,136.309,0.0,Anomaly
2014-12-13,15/9-F-12,0.0,0.0,0.0,0.0,0.0,136.36283,0.0,Anomaly
2014-12-12,15/9-F-12,0.0,0.0,0.0,0.0,0.0,136.50724,0.0,Anomaly
2014-12-11,15/9-F-12,0.0,0.0,0.0,0.0,0.0,136.59329,0.0,Anomaly
2014-12-10,15/9-F-12,0.0,0.0,0.0,0.0,0.0,136.6062,0.0,Anomaly
2014-12-09,15/9-F-12,0.0,0.0,0.0,0.0,0.0,136.43698,0.0,Anomaly
2014-12-08,15/9-F-12,0.0,0.0,0.0,0.0,0.0,136.2655,0.0,Anomaly
2014-12-07,15/9-F-12,0.0,0.0,0.0,0.0,0.0,136.22355,0.0,Anomaly
2014-12-06,15/9-F-12,0.0,0.0,0.0,0.0,0.0,136.15338,0.0,Anomaly
2014-12-05,15/9-F-12,0.0,0.0,0.0,0.0,0.0,136.01604,0.0,Anomaly
2014-12-04,15/9-F-12,0.0,0.0,0.0,0.0,0.0,135.70231,0.0,Anomaly
2014-12-03,15/9-F-12,0.0,0.0,0.0,0.0,0.0,134.42889,0.0,Anomaly
2014-12-02,15/9-F-12,0.0,0.0,0.0,0.0,0.0,132.88695,0.0,Anomaly
2014-12-01,15/9-F-12,0.0,0.0,0.0,0.0,0.0,130.912,0.0,Anomaly
2014-11-30,15/9-F-12,0.0,0.0,0.0,0.0,0.0,127.70981,0.0,Anomaly
2014-11-29,15/9-F-12,146.09,24443.97,828.47,0.0,0.0,83.15407796133567,14.225,Anomaly
2014-11-28,15/9-F-12,58.69,9146.29,836.01,0.0,0.0,50.51146090909091,5.775,Anomaly
2014-11-24,15/9-F-12,50.87,7747.26,1376.43,0.0,0.0,32.50062624254753,8.94167,Anomaly
2014-09-29,15/9-F-12,9.02,2056.66,319.02,0.0,0.0,34.40399866855277,1.25833,Anomaly
2014-08-19,15/9-F-12,10.2,2443.0,382.81,0.0,0.0,33.104631886792454,1.325,Anomaly
2014-06-26,15/9-F-12,120.5,18057.57,3255.87,0.0,0.0,32.668518275194764,13.83333,Anomaly
2014-05-25,15/9-F-12,1.3,183.17,43.39,0.0,0.0,52.22461479166667,2.5,Anomaly
2014-05-24,15/9-F-12,0.0,0.0,0.0,0.0,0.0,51.60528,0.0,Anomaly
2014-05-23,15/9-F-12,0.0,0.0,0.0,0.0,0.0,49.17345,0.0,Anomaly
2014-05-22,15/9-F-12,0.0,0.0,0.0,0.0,0.0,46.64054,0.0,Anomaly
2014-05-21,15/9-F-12,0.0,0.0,0.0,0.0,0.0,46.28073,0.0,Anomaly
2014-05-20,15/9-F-12,0.0,0.0,0.0,0.0,0.0,45.96291,0.0,Anomaly
2014-05-19,15/9-F-12,0.0,0.0,0.0,0.0,0.0,49.95327,0.0,Anomaly
2014-05-18,15/9-F-12,0.0,0.0,0.0,0.0,0.0,51.30373,0.0,Anomaly
2014-05-15,15/9-F-12,64.25,9220.54,1832.48,0.0,0.0,31.812384640577935,11.15833,Anomaly
2014-05-11,15/9-F-12,94.4,13497.8,2678.26,0.0,0.0,31.222363455657494,15.18,Anomaly
2014-05-10,15/9-F-12,0.0,0.0,0.0,0.0,0.0,68.75811,0.0,Anomaly
2014-05-09,15/9-F-12,0.0,0.0,0.0,0.0,0.0,70.09816,0.0,Anomaly
2014-05-08,15/9-F-12,105.51,14727.72,3335.92,0.0,0.0,34.77132726383313,14.49166,Anomaly
2014-04-07,15/9-F-12,12.44,1947.91,352.23,0.0,0.0,34.45745975473655,5.0,Anomaly
2014-03-29,15/9-F-12,103.6,16690.6,2382.29,0.0,0.0,38.34689934605395,13.94167,Anomaly
2014-03-28,15/9-F-12,20.58,3416.55,493.1,0.0,0.0,40.414811631770384,6.49926,Anomaly
2014-03-27,15/9-F-12,89.6,13841.67,2269.68,0.0,0.0,33.24988946560678,10.55833,Anomaly
2014-03-25,15/9-F-12,48.29,6960.01,1664.34,0.0,0.0,39.95308556270096,7.775,Anomaly
2014-03-24,15/9-F-12,89.41,15357.85,1609.46,0.0,0.0,33.51275666755104,6.55833,Anomaly
2014-03-22,15/9-F-12,155.75,23842.74,2593.72,0.0,0.0,32.73678750610693,12.39167,Anomaly
2014-02-10,15/9-F-12,25.89,4151.33,562.93,0.0,0.0,32.77663459361363,4.0,Anomaly
2014-02-08,15/9-F-12,37.32,5467.2,412.45,0.0,0.0,31.65253401272443,6.5,Anomaly
2014-02-06,15/9-F-12,129.54,19836.23,1843.98,0.0,0.0,34.41263810825363,7.9,Anomaly
2014-01-29,15/9-F-12,3.99,586.41,55.23,0.0,0.0,53.44443654625,2.0,Anomaly
2014-01-28,15/9-F-12,71.22,10293.64,1389.39,0.0,0.0,46.56250412141258,9.64167,Anomaly
2014-01-25,15/9-F-12,111.81,16504.84,1981.08,0.0,0.0,42.521690099502784,13.475,Anomaly
2014-01-24,15/9-F-12,23.51,3384.11,471.64,0.0,0.0,41.52572000317296,4.19167,Anomaly
2014-01-18,15/9-F-12,83.39,12611.33,1613.29,0.0,0.0,33.46041187408977,10.14167,Anomaly
2014-01-05,15/9-F-12,51.31,8248.86,1406.06,0.0,0.0,35.34950777075584,5.19167,Anomaly
2013-12-20,15/9-F-12,151.55,22187.42,3042.36,0.0,0.0,33.300300213469384,13.475,Anomaly
2013-12-13,15/9-F-12,135.68,22774.54,2923.13,0.0,0.0,32.54727513409106,8.05833,Anomaly
2013-12-09,15/9-F-12,105.28,16594.71,1772.82,0.0,0.0,32.41438216802168,9.225,Anomaly
2013-12-06,15/9-F-12,106.82,17157.9,2329.9,0.0,0.0,32.1896801459854,10.275,Anomaly
2013-11-06,15/9-F-12,0.0,0.0,0.0,0.0,0.0,56.08046,0.0,Anomaly
2013-11-05,15/9-F-12,0.0,0.0,0.0,0.0,0.0,61.62128,0.0,Anomaly
2013-11-04,15/9-F-12,56.86,8439.0,1182.22,0.0,0.0,37.1301491330147,8.30833,Anomaly
2013-10-30,15/9-F-12,153.26,22928.83,2415.75,0.0,0.0,34.66377746831746,11.025,Anomaly
2013-10-28,15/9-F-12,141.14,22015.93,1913.51,0.0,0.0,32.605904513473945,10.19167,Anomaly
2013-10-12,15/9-F-12,99.76,16125.78,1967.39,0.0,0.0,37.156739145832226,8.85833,Anomaly
2013-10-11,15/9-F-12,163.08,25192.35,2536.03,0.0,0.0,33.2502081480672,12.30833,Anomaly
2013-09-27,15/9-F-12,64.36,10647.76,841.38,0.0,0.0,42.63505060104738,8.30833,Anomaly
2013-09-21,15/9-F-12,123.62,19561.82,1218.25,0.0,0.0,33.49125403262913,9.55833,Anomaly
2013-09-18,15/9-F-12,198.18,31287.06,2036.5,0.0,0.0,33.22642798996774,10.64167,Anomaly
2013-09-14,15/9-F-12,38.35,5498.08,1015.63,0.0,0.0,43.939505714285715,7.0,Anomaly
2013-07-31,15/9-F-12,59.32,9075.51,587.5,0.0,0.0,33.96669962566845,4.675,Anomaly
2013-07-29,15/9-F-11,123.59,18792.5,0.0,0.0,0.0,0.0,4.0,Anomaly
2013-07-29,15/9-F-12,66.02,10037.75,791.57,0.0,0.0,33.70153,4.0,Anomaly
2013-07-28,15/9-F-11,56.01,9011.77,0.0,0.0,0.0,0.0,0.84,Anomaly
2013-07-28,15/9-F-12,14.8,2381.54,214.66,0.0,0.0,33.051232530326615,0.84167,Anomaly
2013-07-24,15/9-F-12,5.71,887.37,63.67,0.0,0.0,36.575046427671445,6.5,Anomaly
2013-07-22,15/9-F-12,31.36,6233.41,402.04,0.0,0.0,35.91279931034483,2.175,Anomaly
2013-07-07,15/9-F-12,140.54,23677.32,1642.14,0.0,0.0,32.84465849447576,8.49166,Anomaly
2013-07-06,15/9-F-12,37.97,6684.87,440.01,0.0,0.0,35.92913726321544,5.34167,Anomaly
2013-06-28,15/9-F-12,144.51,24428.78,1920.11,0.0,0.0,33.18069295407368,9.40833,Anomaly
2013-04-10,15/9-F-12,123.56,23907.25,1255.95,0.0,0.0,37.23021945486365,6.30833,Anomaly
2013-04-05,15/9-F-12,64.24,10992.63,712.64,0.0,0.0,35.886231883209945,7.33333,Anomaly
2013-03-19,15/9-F-12,0.0,0.0,0.0,0.0,0.0,16.07198,0.0,Anomaly
2013-03-10,15/9-F-12,96.01,17147.38,1300.6,0.0,0.0,30.759050597421115,8.5,Anomaly
2013-03-07,15/9-F-12,67.35,12263.56,548.37,0.0,0.0,32.72824219820805,2.35833,Anomaly
2012-12-15,15/9-F-12,221.79,37049.58,2070.51,0.0,0.0,31.586579707936252,9.21203,Anomaly
2012-12-13,15/9-F-12,135.58,23138.55,1503.87,0.0,0.0,30.405125512938337,8.54167,Anomaly
2012-10-19,15/9-F-12,182.51,31523.89,1371.67,0.0,0.0,31.117441538461538,7.0,Anomaly
2012-10-14,15/9-F-12,401.74,44784.26,1077.21,0.0,0.0,33.55674859903382,5.175,Anomaly
2012-09-29,15/9-F-12,193.44,26890.65,638.29,0.0,0.0,34.59883730470708,2.99166,Anomaly
2012-09-27,15/9-F-12,0.0,0.0,0.0,0.0,0.0,123.30525,0.0,Anomaly
2012-09-26,15/9-F-12,0.0,0.0,0.0,0.0,0.0,123.35993,0.0,Anomaly
2012-09-25,15/9-F-12,0.0,0.0,0.0,0.0,0.0,123.4093,0.0,Anomaly
2012-09-23,15/9-F-12,0.0,0.0,0.0,0.0,0.0,124.09622,0.0,Anomaly
2012-09-21,15/9-F-12,0.0,0.0,0.0,0.0,0.0,125.26271,0.0,Anomaly
2012-09-19,15/9-F-12,0.0,0.0,0.0,0.0,0.0,125.3583,0.0,Anomaly
2012-09-17,15/9-F-12,0.0,0.0,0.0,0.0,0.0,123.10221,0.0,Anomaly
2012-09-16,15/9-F-12,0.0,0.0,0.0,0.0,0.0,125.15676,0.0,Anomaly
2012-09-15,15/9-F-12,0.0,0.0,0.0,0.0,0.0,123.5667,0.0,Anomaly
2012-09-02,15/9-F-14,0.0,0.0,0.0,123.51545,41.17146,2.72124,0.0,Anomaly
2012-08-13,15/9-F-12,632.96,12123.37,-457.84,0.0,0.0,50.951032,0.625,Anomaly
2012-01-14,15/9-F-12,76.03,11350.87,260.67,0.0,0.0,60.50005206578218,2.75,Anomaly
2011-12-29,15/9-F-12,0.0,0.0,0.0,0.0,0.0,81.38008,0.0,Anomaly
2011-12-28,15/9-F-12,484.48,61280.21,1498.98,0.0,0.0,38.00193418460143,10.475,Anomaly
2011-12-26,15/9-F-12,0.0,7.09,9.71,0.0,0.0,79.99519515523147,0.0,Anomaly
2011-12-13,15/9-F-12,0.0,0.0,0.0,0.0,0.0,46.143905680507295,4.30833,Anomaly
2011-12-10,15/9-F-12,0.0,0.0,0.0,0.0,0.0,75.69184,0.0,Anomaly
2011-12-06,15/9-F-12,68.37,8463.79,244.37,0.0,0.0,40.253520260270754,4.55833,Anomaly
2011-11-05,15/9-F-12,223.0,31959.4,703.61,0.0,0.0,63.74360411471651,6.5,Anomaly
2011-11-04,15/9-F-12,0.0,0.0,0.0,0.0,0.0,116.20622,0.0,Anomaly
2011-11-03,15/9-F-12,0.0,0.0,0.0,0.0,0.0,117.64881,0.0,Anomaly
2011-11-02,15/9-F-12,0.0,0.0,0.0,0.0,0.0,113.85193,0.0,Anomaly
2011-11-01,15/9-F-12,0.0,0.0,0.0,0.0,0.0,72.09307,0.0,Anomaly
2011-10-31,15/9-F-12,0.0,0.0,0.0,0.0,0.0,110.60647,0.0,Anomaly
2011-10-30,15/9-F-12,0.0,0.0,0.0,0.0,0.0,121.32423,0.0,Anomaly
2011-10-29,15/9-F-12,0.0,0.0,0.0,0.0,0.0,124.12299,0.0,Anomaly
2011-10-28,15/9-F-12,0.0,0.0,0.0,0.0,0.0,124.12299,0.0,Anomaly
2011-10-27,15/9-F-12,0.0,0.0,0.0,0.0,0.0,124.12299,0.0,Anomaly
2011-10-26,15/9-F-12,0.0,0.0,0.0,0.0,0.0,122.14602,0.0,Anomaly
2011-10-24,15/9-F-12,0.0,0.0,0.0,0.0,0.0,97.03885,0.0,Anomaly
2011-10-23,15/9-F-12,0.0,0.0,0.0,0.0,0.0,90.8743,0.0,Anomaly
2011-10-22,15/9-F-12,0.0,0.0,0.0,0.0,0.0,85.90137,0.0,Anomaly
2011-10-21,15/9-F-12,0.0,0.0,0.0,0.0,0.0,86.83386,0.0,Anomaly
2011-10-20,15/9-F-12,0.0,0.0,0.0,0.0,0.0,85.31438,0.0,Anomaly
2011-10-19,15/9-F-12,0.0,0.0,0.0,0.0,0.0,85.58313,0.0,Anomaly
2011-09-13,15/9-F-12,337.37,50314.86,2666.94,0.0,0.0,38.12382087672209,11.0,Anomaly
2011-08-04,15/9-F-12,382.52,55689.79,841.68,0.0,0.0,40.808333480275074,6.99166,Anomaly
2011-08-03,15/9-F-12,0.0,0.0,0.0,0.0,0.0,99.56262,0.0,Anomaly
2011-08-02,15/9-F-12,0.0,0.0,0.0,0.0,0.0,96.61797,0.0,Anomaly
2011-08-01,15/9-F-12,0.0,0.0,0.0,0.0,0.0,95.52692,0.0,Anomaly
2011-07-31,15/9-F-12,0.0,0.0,0.0,0.0,0.0,95.31114,0.0,Anomaly
2011-07-30,15/9-F-12,114.3,12896.08,200.26,0.0,0.0,47.505198821713456,2.00834,Anomaly
2011-07-28,15/9-F-12,231.02,34161.5,602.92,0.0,0.0,40.22630473988439,4.325,Anomaly
2011-07-27,15/9-F-12,0.0,0.0,0.0,0.0,0.0,95.24427,0.0,Anomaly
2011-07-24,15/9-F-12,0.0,0.0,0.0,0.0,0.0,95.55613,0.0,Anomaly
2011-07-23,15/9-F-12,0.0,0.0,0.0,0.0,0.0,95.85122,0.0,Anomaly
2011-07-22,15/9-F-12,401.81,53684.06,829.65,0.0,0.0,43.69423773192803,6.84167,Anomaly
2011-07-18,15/9-F-12,0.0,0.0,0.0,0.0,0.0,93.94286,0.0,Anomaly
2011-07-17,15/9-F-12,0.0,0.0,0.0,0.0,0.0,91.09261,0.0,Anomaly
2011-07-15,15/9-F-12,109.44,10061.56,170.53,0.0,0.0,61.8346912987013,3.08,Anomaly
2011-07-14,15/9-F-12,0.0,0.0,0.0,0.0,0.0,94.10412,0.0,Anomaly
2011-07-13,15/9-F-12,0.0,0.0,0.0,0.0,0.0,94.20914,0.0,Anomaly
2011-07-09,15/9-F-12,0.0,0.0,0.0,0.0,0.0,90.00456,0.0,Anomaly
2011-07-08,15/9-F-12,922.03,133249.47,2399.21,0.0,0.0,37.531273276661516,16.175,Anomaly
2011-07-07,15/9-F-12,187.54,31708.56,604.5,0.0,0.0,37.56933707525574,4.24167,Anomaly
2011-07-05,15/9-F-12,0.0,0.0,0.0,0.0,0.0,88.31682,0.0,Anomaly
2011-07-04,15/9-F-12,472.21,66421.96,1281.94,0.0,0.0,37.175626052329484,8.84167,Anomaly
2011-07-03,15/9-F-12,263.17,50445.45,930.82,0.0,0.0,38.71756125,8.8,Anomaly
2011-07-02,15/9-F-12,397.67,53326.97,1087.45,0.0,0.0,36.39201407166124,7.675,Anomaly
2011-06-28,15/9-F-12,0.0,0.0,0.0,0.0,0.0,87.82483,0.0,Anomaly
2011-06-24,15/9-F-12,0.0,0.0,0.0,0.0,0.0,87.82788,0.0,Anomaly
2011-02-14,15/9-F-12,444.51,92921.71,1230.16,0.0,0.0,46.0300685098,8.0,Anomaly
2011-02-01,15/9-F-12,805.8,127637.94,2355.23,0.0,0.0,53.19638986463621,14.775,Anomaly
2010-12-09,15/9-F-12,1201.17,183251.82,3198.25,0.0,0.0,52.247633000752685,22.33333,Anomaly
2010-11-17,15/9-F-12,1239.04,187269.51,2471.31,0.0,0.0,52.31565270535286,22.08333,Anomaly
2010-11-15,15/9-F-12,156.29,23536.38,439.11,0.0,0.0,53.921134887614656,3.15833,Anomaly
2010-11-08,15/9-F-12,1283.18,196683.63,2992.27,0.0,0.0,52.339389337349395,20.75,Anomaly
2010-10-21,15/9-F-12,1679.85,255221.72,3447.93,0.0,0.0,52.482315625,24.0,Anomaly
2010-10-20,15/9-F-12,1685.3,253193.79,3412.61,0.0,0.0,52.62099958333334,24.0,Anomaly
2010-10-19,15/9-F-12,1695.08,254889.27,3399.68,0.0,0.0,52.90490270833333,24.0,Anomaly
2010-10-18,15/9-F-12,1707.17,255134.61,3315.27,0.0,0.0,53.37534479166667,24.0,Anomaly
2010-10-17,15/9-F-12,1716.49,259104.7,3297.9,0.0,0.0,53.639447708333336,24.0,Anomaly
2010-10-16,15/9-F-12,1726.59,260468.2,3259.69,0.0,0.0,53.473374791666664,24.0,Anomaly
2010-10-15,15/9-F-12,1732.86,261612.88,3276.27,0.0,0.0,53.69499770833333,24.0,Anomaly
2010-10-14,15/9-F-12,1740.58,262627.11,3234.52,0.0,0.0,53.84491791666667,24.0,Anomaly
2010-10-13,15/9-F-12,1759.79,265356.43,3272.8,0.0,0.0,53.97255510638298,24.0,Anomaly
2010-10-12,15/9-F-12,1759.08,265044.85,3377.1,0.0,0.0,54.10804,24.0,Anomaly
2010-02-27,15/9-F-12,3107.96,433320.46,2440.83,257.11815016315563,107.37675255739107,55.42481701670906,17.6,Anomaly
2010-02-25,15/9-F-14,1709.58,243034.51,1755.05,49.450439538451974,20.959721121511343,60.11714478121292,18.5,Anomaly
2010-02-23,15/9-F-14,2144.8,307980.27,2126.16,71.15459619560956,30.076100155393526,63.935236446041365,23.08333,Anomaly
2010-02-22,15/9-F-14,2485.03,350026.96,2478.53,0.0,0.0,61.63913854166667,24.0,Anomaly
2010-02-21,15/9-F-14,2492.65,350037.93,2467.4,0.0,0.0,61.19585893617021,24.0,Anomaly
2010-02-20,15/9-F-14,2519.31,353951.9,2469.47,0.0,0.0,61.03668574468085,24.0,Anomaly
2010-02-19,15/9-F-14,2560.92,359808.72,2446.05,0.0,0.0,60.52881145833334,24.0,Anomaly
2010-02-18,15/9-F-14,2141.69,300735.42,1978.55,0.0,0.0,61.798073386388864,21.6,Anomaly
2010-02-17,15/9-F-14,2606.4,366025.93,2295.59,0.0,0.0,59.81291354166667,24.0,Anomaly
2010-02-16,15/9-F-14,2652.06,372253.28,2368.23,0.0,0.0,59.76869666666666,24.0,Anomaly
2010-02-15,15/9-F-14,1006.27,137507.76,672.68,0.0,0.0,69.25906320044453,13.7,Anomaly
2009-09-02,15/9-F-12,0.0,0.0,0.0,140.25636,52.36127,2.46882,0.0,Anomaly
2009-09-02,15/9-F-14,0.0,0.0,0.0,132.34205,50.78467,97.59195,0.0,Anomaly
2009-05-11,15/9-F-14,4241.75,575312.38,18.76,131.50938291666668,62.529313333333334,67.97013208333334,24.0,Anomaly
2009-04-16,15/9-F-14,2452.26,337254.14,1.42,126.43825649072753,57.94586305278174,76.98319675223395,17.525,Anomaly
2009-04-15,15/9-F-14,651.67,95907.56,0.27,0.0,0.0,76.65353581760894,4.475,Anomaly
2009-04-14,15/9-F-14,3975.77,543293.15,2.65,0.0,0.0,76.39833479166667,24.0,Anomaly
2009-04-13,15/9-F-14,3941.13,540977.58,7.7,0.0,0.0,77.48749916666667,24.0,Anomaly
2009-04-12,15/9-F-14,2063.32,286054.45,3.05,0.0,0.0,79.38595736506491,13.85833,Anomaly
2009-04-10,15/9-F-14,50.65,7190.41,0.05,0.0,0.0,86.93054830329197,0.80833,Anomaly
2009-04-09,15/9-F-14,2094.72,291446.14,2.62,156.70460375223155,68.81027777977636,82.46254446119381,15.58334,Anomaly
2009-04-05,15/9-F-14,3873.72,547078.74,33.73,0.0,0.0,81.85864155290251,22.19167,Anomaly
2009-04-04,15/9-F-14,4266.19,603057.78,39.67,142.19539375,62.09741270833333,82.26588958333333,24.0,Anomaly
2009-03-11,15/9-F-14,1185.05,165437.35,174.74,273.07673727639633,105.14198352963615,106.44160266758853,8.80833,Anomaly
2009-03-11,15/9-F-12,5414.32,755859.5,0.0,283.71534940371487,106.62386692102554,97.91931522897872,23.5,Anomaly
2009-03-10,15/9-F-12,4692.91,653842.25,0.0,277.64193122497056,106.77363114252061,87.05511508833922,21.225,Anomaly
2009-03-09,15/9-F-12,4197.14,607750.29,0.0,276.89711057925507,106.79870641534683,86.1897387108394,18.525,Anomaly
2009-03-05,15/9-F-14,1974.22,281263.48,18.19,275.3149200003929,105.2529733774,106.92828567211428,14.0,Anomaly
2009-03-05,15/9-F-12,2440.8,347737.77,0.0,283.35719563086906,106.68779819793922,96.21912872297536,11.16666,Anomaly
2009-01-11,15/9-F-12,5716.64,822490.28,15.45,,,73.29971979166666,24.0,Anomaly
2009-01-10,15/9-F-12,5869.78,844192.56,15.72,,,70.18436520833333,24.0,Anomaly
2009-01-09,15/9-F-12,5644.01,810726.77,14.25,,,71.64508625,24.0,Anomaly
2009-01-08,15/9-F-12,5901.84,851131.52,15.32,,,68.488635625,24.0,Anomaly
2009-01-07,15/9-F-12,5621.9,834503.06,25.57,,,72.04471875,24.0,Anomaly
2008-06-29,15/9-F-12,5121.12,768245.7,11.82,259.68716270833335,96.22694375,80.209785,24.0,Anomaly
2008-06-26,15/9-F-12,4232.54,639125.35,9.76,259.96043866435,106.24847466401908,81.19468353260272,15.83334,Anomaly
2008-06-04,15/9-F-12,5067.01,764495.52,9.8,258.4640527083333,106.1684125,1.0297385416666667,24.0,Anomaly
2008-06-03,15/9-F-12,4999.75,755898.39,9.67,259.0873539624423,106.16301365806954,0.0,24.0,Anomaly
2008-06-02,15/9-F-12,4019.51,603534.04,7.77,259.7948011059003,106.14873870485746,81.29772202915477,13.41667,Anomaly
2008-05-25,15/9-F-12,5045.72,764673.62,8019.74,258.3098160416667,106.15579270833334,80.017106875,24.0,Anomaly
2008-05-24,15/9-F-12,5034.28,762332.85,8019.72,258.339496875,106.14994958333334,80.17285791666667,24.0,Anomaly
2008-05-21,15/9-F-12,5013.12,759588.91,9.69,257.2,39.55367,80.17116,24.0,Anomaly
2008-05-20,15/9-F-12,4885.56,741919.56,9.45,297.6459697916667,72.71542833333334,81.26395729166667,24.0,Anomaly
2008-02-23,15/9-F-12,1851.72,252078.0,0.28,292.0884239965605,105.84901334553587,112.60272618715769,15.14167,Anomaly
2008-02-14,15/9-F-12,3124.09,509954.88,1.16,295.58606133333336,105.77548622222223,113.71817466666667,22.5,Anomaly
2008-02-12,15/9-F-12,284.65,38888.67,385.01,308.0559395652174,104.41809,106.80593913043478,11.5,Anomaly
